{"commitment":{"probs":[0.0018999999999999996,0.30850000000000033,0.019399999999999966,0.245,0.005000000000000002,0.06709999999999999,0.12069999999999996,0.01030000000000001,0.005999999999999998,0.18649999999999983,0.029600000000000033],"support":[0,1,0.4,0.9,0.1,0.6,0.7,0.3,0.2,0.8,0.5]},"theta":{"probs":[0.017899999999999968,0.09819999999999995,0.04260000000000002,0.02230000000000002,0.02249999999999998,0.06260000000000004,0.08140000000000006,0.12739999999999982,0.19060000000000005,0.1845000000000001,0.14999999999999997],"support":[0,1,0.3,0.1,0.2,0.4,0.5,0.6,0.7,0.8,0.9]},"premise1":{"probs":[0.30850000000000033,0.0018999999999999996,0.019399999999999966,0.245,0.005000000000000002,0.06709999999999999,0.12069999999999996,0.01030000000000001,0.005999999999999998,0.18649999999999983,0.029600000000000033],"support":[0,1,0.6,0.1,0.9,0.4,0.3,0.7,0.8,0.2,0.5]},"premise2":{"probs":[0.0982999999999999,0.08459999999999994,0.0859,0.10009999999999998,0.08470000000000004,0.07629999999999999,0.09340000000000002,0.09190000000000006,0.0872,0.10100000000000009,0.09659999999999996],"support":[0,1,0.5,0.3,0.9,0.6,0.7,0.1,0.2,0.4,0.8]}}